id,ap
1,com.udates
2,cornera.touchretouch
3,com.adriangl.pict2cam
4,com.multiphotoblender.photomixer
5,com.appbites.wildanimalphotoframes
6,com.cuteBaby.BabyPhotos
7,freeappshouse.mobile.phone.photo.frames.editor
8,com.jaumo.casual
9,com.ster.photo.surgery
10,com.Family.Photoframee
11,com.dhaduk.survil.body.curve.shape.editor.maker.photo.video.image.bodyshapeeditor
12,com.best.photo.apps.doodle.shape
13,photocollage.videocollage.photoeditor.collagemaker.photogridmaker.photogrid
14,pub.text.punjabionphoto
15,com.ahihi.blur.image
16,com.mvltrapps.ugadi.photo.frame.effect
17,com.mvltrapps.transparentphotoframe
18,com.sknapps.IslamicPhotoFrames
19,com.sknapps.RamadanMubarakPhotoFrames
20,com.ak41.photoeditor.pip
21,spdate.online.girlsmeet.chat
22,com.ao.SP360_4K
23,com.td.transdr
24,com.video.removebackground.removebackground
25,com.kingsstore.WomenPattuSareePhotoMaker
26,com.fbd.location.camera
27,g3.colorsplash.backgroundsplash.changeeffect
28,com.evermatch
29,g3.cropphoto.photocrop.cutbackground.photoeditor
30,im.twogo.godroid
31,com.best.photo.app.rabbitface
32,com.app.flirtbees
33,freeappshouse.horse.selfie.photo.frames
34,com.tyteapp.tyte
35,com.datemyage
36,com.kingsstore.WomenSareePhotoEditor
37,com.atdev.blurryphotoeditor
38,bip.photoeditor.framesforposter
39,com.lovevite
40,com.wishant.newbestphotoeditor2018
41,ringpro.squaregrid.gridmaker
42,com.kingsstore.StylishGirlPhotoEditor
43,com.localhookupdating.android
44,com.madinaphotoframes
45,com.best.photo.app.photoonbirthdaycakes
46,com.jaybhim.jaybhimphotoframes
47,com.ahihi.status.tamtrang
48,com.kingsstore.WomenDesignerSareePhotoSuit
49,com.kingsstore.LehengaCholiPhotoEditor
50,com.getpure.pure
51,com.saraswatiphotoframes
52,com.jesus.jesusphotoframes
53,com.marathibirthday.marathibirthdayphotoframes
54,com.amolatina
55,com.rometic.trulyasian
56,com.best.photo.app.boyhairchanger
57,com.cla.longhairs.beststyles.hd
58,com.kingsstore.WomenJeansFashionTops
59,com.dating.android
60,com.acdsystems.acdseephotosync
61,mobi.skyrock.Smax
62,com.Photo.PIP.Camera.Picture_In_Picture.Effects.Filters
63,com.BabyFaceFunnyAgeChangerNisappsNiski
64,weddingtraditional.couple.suit
65,babypredictor.babygenerator.futurebabyface.app
66,com.kingsstore.StylishDressFashionGirlsNew
67,com.rometic.trulyfilipino
68,com.bzezz.starlocator
69,com.etoolkit.fitpix.mediavault
70,com.vishnu.vishnubhagwanphotoframes
71,com.atsdev.photogridart
72,com.appbites.waterfountainphotoframes
73,com.eurodate
74,com.socialnetwork.hookupsapp
75,com.maybeyou
76,jsnew.photomixer
77,com.kingsstore.LehangaCholiPhotoMaker
78,com.hotti.android
79,com.ramnavami.ramanavamiphotoframes
80,com.meetoutside.meetoutsideapp
81,com.veggly
82,com.shivajijayantiphotoframes
83,com.kingsstore.GirlsPhotoSuitsEditor
84,de.appfiction.yocutiegoogle
85,singles420.entrision.com.singles420
86,com.chinalove
87,com.mvltrapps.srirama.navami.photo.frame.effect
88,com.telestra.art.painting.artistic.photography
89,com.kingsstore.IndianBrideWeddingPhotoMontage
90,com.km.musicslideshow
91,com.mvltrapps.selfiephotoframemaker
92,com.kingsstore.GirlsDesignerFrockPhotoEditor
93,com.photo.editor.makeup.face
94,com.appwallet.ValentinesDayFrames
95,com.brotechllc.thebroapp
96,com.kingsstore.BabyGirlPhotoSuits
97,com.calcam.oldfilter
98,com.loveawake.chat
99,valentine.photo.frame.editor
100,com.photoeditor.blender.picsblend
101,com.aimdate.loveinasia
102,com.passportsizephoto.passportphotomaker
103,com.wedding.weddinginvitation
104,com.weloveapps.latindating
105,com.splento.food
106,fiori.transgender
107,com.devlobis.goodmorninglove
108,com.sweetringplus.android
109,com.ram.birthdayphotoframes
110,com.jazzyworlds.photopixel
111,com.ram.lovephotoframes
112,com.jazzyworlds.paintandsketcheffect
113,com.km.photogridbuilder
114,com.aimdate.thaiflirting
115,com.etoolkit.photoeditor
116,love.photo.frame.editor
117,com.bluestar.good.morning
118,dating.hookup.apps
119,com.jazzyworlds.photoeffect3d
120,kr.jungrammer.strangerchat3
121,com.etoolkit.fitpix.collage
122,com.yourtravelmates
123,com.km.picturequotes
124,com.catholicmatch.app
125,com.km.textoverphoto
126,com.appluvfree
127,com.slideshow.slideshow_videomaker
128,com.bluearts.lovemessages
129,com.zepyur.binoculars
130,com.veronica.happy.new_year.photoframes.stickers
131,cpro.dating
132,biatoka.camerapose
133,cornero.bodyshapephotoeditor
134,com.hubaapps.chat
135,com.stylish.sunglasses.pictureditor.photoeditor.artappstudio
136,com.beautyfacemakeup.photoeditor.selfiemakeover
137,com.sumeruskydevelopers.iplcricketsuitphoto
138,kr.jungrammer.talktalk
139,com.veronica.ramadan.mubarak.photoframes.stickers
140,com.never.die
141,com.blackview.dashcam.vietmap
142,com.migenteapp.migenteandroid
143,com.psma.mosaicphotoeffects
144,com.aiTeam.EffectArtName
145,com.BestofallPhotography.DeleteRedEyesApp.RemoveRedEyesFromPhoto
146,com.catch.fwbhookupapp
147,com.EasyPhotoEditorTechfazilka.easyphotoeditor
148,com.socialnetworking.bbwmapp
149,com.Couple.Photo.Suit.Styles.Traditional.Photo_Editor.Frames
150,kr.jungrammer.strangertalk
151,com.gomin.photo.cut.paste.background.editor
152,com.mindhunter.tryst
153,best.edtphoto.policesuit_photoeditor
154,com.ftapps.fotos3x4
155,com.davis.justdating
156,com.urdu.textonphotos.shairi.appsogen
157,com.gallery.photoviwer
158,ru.mylove.dating
159,com.appbites.menmotophotosuit
160,com.aimdate.russianflirting
161,com.livetalk.randomvideochat
162,com.aiTeam.MagicLightEffect
163,com.printeeapp.printee
164,com.appbites.interiorphotoframes
165,com.pixelsdev.storymaker
166,com.fa.typegraphi
167,datee.mobi
168,com.Christmas.Photo_Frames.Background.Editor
169,mnara.dittoed
170,com.Flower.Photo.frames.HD_Photoframes.app
171,com.atsdev.framephotocollage
172,com.camjoy.live.app
173,com.foreverbilisim.sevgilibul
174,com.newappxone.flowerphotoframes
175,co.lucky.hookup
176,com.covalent.kippo
177,com.photoeditor.app.smileyface.sticker
178,europeandating.europesingles.nearbymeet
179,com.mvltrapps.longfrockphotosuit
180,com.dating.apps.cupid
181,apptrends.love_test_calculator_lovephotoframes
182,com.yovic.girlybanat
183,com.rometic.trulychinese
184,com.bluefishapp.cutpaste
185,statusdp.flagtextletter.indianphoto.frame
186,com.Happy.Christmas.Photo.Frames.Merry.Santa.Effect
187,au.com.meetmefreedatingapp.flirtdating
188,com.mm.insects.identification
189,com.opusmobilis.adamdateseve
190,com.name.birthday.cake.wishes
191,com.inchallah.inchmobile
192,com.editor.covers.postermaker
193,com.agerecognitionapp.faceage
194,com.ZomieeInfotech.FightPhotoEditor
195,com.eden_android
196,canadianmeet.dating.chatsingles.friends
197,instadp.circele.profile.picture.border.maker
198,com.oshiharapps.facemakeupbeauty.prettymakeup.makeupeditor
199,droidconsulting.haircolorchanger
200,com.sigmaappsolution.marriagephotoframe
201,com.mendone.eyebrow.editor
202,best.edtphoto.arabman_suitchanger
203,com.mvltrapps.gardentransparentphotoframes
204,com.schmoozeapps.schmooze
205,com.hookup.dating.bbw.wink
206,com.august15Photoeditor.photoeditor.ly
207,com.agegap.gaper
208,com.cheerioworld.nevermet
209,com.appbites.tajmahalphotoframes
210,com.awtar.mob.app
211,makstyle.preweddingphotoframe
212,com.makeupcollections.august.photoframe.sticker.editor
213,com.blackwhitemeet
214,com.dating.pink
215,com.appbites.rainbowphotoframes
216,co.lunchclick
217,com.bzoo.videomaker.moviemaker.story.status.lyrical
218,com.neenbo
219,com.atsdev.textonphoto
220,com.ram.lovelyphotoframes
221,com.mvltrapps.dualphotoblender
222,com.appbites.beachphotoframes
223,fi.kotisatamanvalo.app
224,boudi.live.videocall
225,makstyle.royalcarphotoeditor
226,com.meetnewpeople.meet.call.people.livechat
227,com.ram.happyvalentinesdayframes
228,com.nightmodegogglesmultiple.thermaleffects
229,com.chatnetworkapp.france
230,com.mvltrapps.ganeshphotoframes
231,com.yuyyu.horoscopematch
232,com.dgt.manmuscleeditorslimbody
233,com.cfishes.christiandating
234,com.sigmaappsolution.nameonaniversaryphoto
235,app.blackgentry
236,com.utopiatechnologies.aibgremover
237,com.jazzyworlds.myindiadp
238,com.sebastianotrven.turinisayhellolove
239,com.bluefishapp.blureffect
240,kr.jungrammer.anonymous
241,com.apenpals.friends
242,com.ram.lovelocketframes
243,com.avodating.avovietnam.rnative
244,com.rstech.photo.editor.filters.fun.editpicture.effects.photoblend.blurphoto
245,com.dateinsfinder
246,com.ram.hoardingphotoframes
247,com.binocularsmodel.v1145xzoomhd.cameraphotovideo
248,com.ram.birthdaycakeframes
249,com.bringsgame.hotstickers
250,com.thairomances.twa.en
251,schan.main
252,com.ram.christmasphotoeditor
253,com.militaryapp.mailitarysuitformanandwoman
254,com.ram.newyearframes
255,com.dgt.leathercoat
256,com.onemanwithcamera.instaretro
257,com.ram.happynewyearframes
258,com.sumeruskydevelopers.valentinelovecardphoto
259,app.ir.adoos.thuluthin
260,io.sanvean.tbc
261,com.appspot.swisscodemonkeys.effectsfree
262,com.adult.friend.finder.friendswithbenifits.fwbapp
263,com.dating.mirchi
264,au.com.meetmefreedatingapp.muslim
265,com.goshi.pakflag.flagshirt.flagonface
266,love.waiter.android
267,photoeditor.IndependenceDay.photo.august15dayphotoeditor
268,com.Christmas.Photo.Frames.Background.Effects
269,com.photopro.artfilter
270,com.photoflower.photo.frame.collage
271,com.pepper.chat
272,zuchatapp.com
273,com.meetapp.free.loveme
274,com.ram.marriagephotoframes
275,com.editor.photo.flower.photoframe
276,com.videochat.dateu.online
277,com.photo.suit.editor
278,com.zmobileapps.passportphoto
279,com.druzelink
280,com.tricore.newyear.fireworks
281,freeappshouse.hijab.fashion.photo.frames
282,com.hafidabano.alkitaba.sowarmodhila
283,com.ram.pongalframes
284,com.Square.Photo.Frame.Collection.lovephotoframe
285,com.fitfam.findr
286,com.theguardian.soulmates
287,com.wisdomlogix.background.remover.change.bg
288,com.camera.sweet.selfie.beauty.camera
289,kalisohn.android.recolor
290,com.photoeditor.photocollage.hdphotoeditor
291,com.alovoa.alovoa_playstore
292,com.myphotoapps.photoeditorappmenbikenew
293,com.appdreams.dualphotoframes.photoframes.dual.hd.photo.frames.editor.unlimited
294,dual.direction.photobookdualphotoframe
295,com.camerasideas.instashot
296,com.mvltrapps.femaledoctorphotosuit
297,best.live_wallpapers.photo_audio_album
298,com.adobe.lrmobile
299,com.linecorp.b612.android
300,com.krapps.coffeemugphotoframes
301,com.nakashimaakio.fliprotateimage
302,com.ff.photocollage.stickers
303,com.appbreakers.hdcamera
304,net.sourceforge.opencamera
305,com.adobe.psmobile
306,free.backgrounderaser.touchretouch.removeunwantedobject.unwantedcontent
307,com.vicman.toonmeapp
308,com.fastface.faceeditor
309,com.youthhr.phonto
310,photo.editor.photoeditor.photoeditorpro
311,roxannecrete.bodyshapephotoeditor.bodyretouch
312,com.atomicadd.fotos
313,com.iudesk.android.photo.editor
314,ladoapps.womengirlsinhijabphotoeditor.frame
315,com.handycloset.android.eraser
316,com.mvltrapps.photoeditor.bookphotoframes
317,com.cardinalblue.piccollage.google
318,com.blackandwhite.colorfulleditor
319,com.vicman.newprofilepic
320,com.allsuit.babygirlsuit
321,com.allsuit.sherwanieditor
322,com.cyworld.camera
323,pomcoonglala.photo.frame.valentine.love.collage
324,com.photoeffecteditor.hearteffect.videomaker
325,com.stylish.commando.suiteditor.photoeditor.militarysuit.photomontage.pictureeditor.smilestudio
326,com.cerdillac.filmmaker
327,com.video.maker
328,com.fotophillia.beforeaftercollages
329,photo.editor.photoeditor.filtermaster
330,screen.mirroring_for_all_tv.TV_Cast_Pro.for_Samsung_TV
331,com.adobe.photoshopmix
332,best.edtphoto.halfsaree_face_changer
333,com.krapps.villagephotoframes
334,droidconsulting.smarthairstylead
335,girls.photo.editor.apps.boyuniform
336,com.gpsmapcamera.geotagginglocationonphoto
337,com.allsuit.fancy.shirt.photosuit
338,com.allsuit.man.suit.photos
339,com.lanshark.picuki
340,com.allsuit.man.formal.shirt.photoeditor
341,com.campmobile.snow
342,makstyle.bestechomagicmirroreffect
343,my.com.pixajoy
344,com.manboker.headportrait
345,com.mobileappsdunia.happynewyearframes
346,com.mutaeb.OVFEditor
347,com.iraprotsak.morningnight
348,com.appone.monogram
349,com.flipcam
350,com.westpoint.photoeditor.photocollage
351,com.atsdev.mansuitcamera
352,photocollage.photoeditor.collagemaker
353,com.sigmaappsolution.jacketphotosuit
354,com.handycloset.android.photolayers
355,com.photocollage.photoframe.photofamily
356,com.xnview.XnGif
357,com.Creativestarapps.waterfall.photoeditor
358,gr.gamebrain.comica
359,com.myphotoapps.lehengacholifashiondressesforwomen
360,com.hideitpro
361,com.appsdunia.independanceday
362,com.accarunit.slowmotion
363,gkv.photoframed.photoeditor
364,com.blackcatwallpapers.app
365,vsin.t16_funny_photo
366,com.avnsoft.photoeditor.photocollage
367,ring.photoeditor.travelanywhere
368,com.adobe.adobephotoshopfix
369,topvn.layoutphoto.layoutcollage
370,g3s.photoeditting.travelanywhere
371,com.appbites.naturedualphotoframes
372,com.pavahainc.weddingcamera
373,media.album.photo.gallery
374,com.pavahainc.mensuitcamera
375,com.pavahainc.womenhairstylescamera
376,com.pavahainc.jewelrycamera
377,com.pavahainc.policephotoeditor
378,com.pavahainc.princesscameranew
379,com.pavahainc.springphotoeffectseditor
380,com.jeyluta.timestampcamerafree
381,photo.android.hd.camera
382,com.pavahainc.pictureshape
383,com.pavahainc.lightingtextnameartmaker
384,com.gm.newyearphotoframes.happynewyear.wishes.newyear.greetingcards
385,com.pavahainc.pictureartpaintingeffects
386,com.pavahainc.threedoverlayphotoblenderapp
387,com.meitu.makeup
388,com.pavahainc.horrorframesphotoeditor
389,com.videocall.alphabetlore_lettres
390,com.codegradients.design.space.studio
391,com.wemagineai.voila
392,com.moon.fotofram
393,com.xilli.photo.blending.photo.editing.app
394,com.linecorp.foodcam.android
395,com.baiwang.instasquare
396,com.logramas.lgbtbackground
397,com.genderswap.face_changer
398,com.everimaging.goart
399,br.com.zoetropic.free
400,air.brush.photoeditor.collagemaker.beautycam.sweet.selfiecamera.face.makeover
401,com.gamebrain.cartoon
402,com.camerafilter.ulook
403,com.navicamtools.thermalcamera
404,com.movemore.negativeimage.lc
405,com.fashioncrazeapps.WomenWinterOutfitSuits
406,com.samirfutureit.plpforpixellab
407,com.opalsapps.photoslideshowwithmusic
408,com.app.selfy
409,com.fujifilm.instaxSquareLink
410,com.kyliecosmetics.kylie_jenner_cosmetics.amindk
411,com.camera.galaxyx
412,com.rr.goodmorningandnightprayers
413,com.olav.logolicious
414,com.intech.birthdayvideomakerwithmusic.photoframe.birthdayvideo.videomaker.slideshow.birthdayframe
415,creator.logo.maker.scopic
416,com.selfie.beautycamera.makeup.pro
417,com.falstad.megaphotofree
418,com.rugalluk.remove.unwanted.objects
419,com.vysionapps.faceswap
420,com.ppn.unwantedremover.vs
421,com.logopit.logoplus
422,jp.naver.linecamera.android
423,photobaby.babypics.baby.photo.frames.photoeditor
424,com.pixiz.app
425,hippeis.com.photochecker
426,com.konashone.selfie_camera_beauty_edit_plus
427,com.smilieideas.photodrive
428,com.amosstudio.christmas.santa.suit.photoeditor
429,com.appboxitsol.bookphotoframes
430,com.photo.editing.pic.collage.maker
431,com.codeway.pixelup
432,com.sknatkforever.mxasd
433,com.amosstudio.gold.teeth.photoeditor
434,com.rectfy.flip
435,com.bidastudio.piercing.tattoo.photoeditor
436,com.panasonic.avc.cng.imageapp
437,com.inglesdivino.blurimage
438,com.judi.autoblur
439,com.tattoomyphoto.tattoome.faketattoo
440,com.app.nameart.firenameart
441,com.a_superlab.typingdesigner
442,com.rasmodev.darkifyapp
443,com.appbench.beachphotoframes
444,us.pinguo.april_collage
445,com.amosstudio.halloween.makeup.photoeditor
446,com.bidastudio.royal.crown.photoeditor
447,com.simplemobilephotoresizer
448,com.hikaru.photowidgetad
449,com.appoftools.birthdayphotoframe
450,pixelab.camart.cartoon
